<keymap version="1" name="XWin copy" parent="Default for XWin">
  <action id="ActivateCommitToolWindow">
    <keyboard-shortcut first-keystroke="alt 0" />
    <keyboard-shortcut first-keystroke="shift alt o" />
  </action>
  <action id="ActivateProblemsViewToolWindow" />
  <action id="ActivateServicesToolWindow" />
  <action id="ActivateTerminalToolWindow">
    <keyboard-shortcut first-keystroke="alt f12" />
    <keyboard-shortcut first-keystroke="alt equals" />
  </action>
  <action id="Back">
    <keyboard-shortcut first-keystroke="ctrl alt left" />
    <mouse-shortcut keystroke="button4" />
    <keyboard-shortcut first-keystroke="alt left" />
  </action>
  <action id="ChangeTypeSignature">
    <keyboard-shortcut first-keystroke="shift ctrl f6" />
    <keyboard-shortcut first-keystroke="shift ctrl 6" />
  </action>
  <action id="Compile" />
  <action id="CompileFile" />
  <action id="Console.TableResult.CompareCells" />
  <action id="DebugClass">
    <keyboard-shortcut first-keystroke="shift ctrl f9" />
  </action>
  <action id="Diff.NextChange" />
  <action id="Diff.PrevChange" />
  <action id="Diff.ShowSettingsPopup" />
  <action id="EvaluateExpression">
    <keyboard-shortcut first-keystroke="alt f8" />
    <keyboard-shortcut first-keystroke="alt 8" />
  </action>
  <action id="Forward">
    <keyboard-shortcut first-keystroke="ctrl alt right" />
    <mouse-shortcut keystroke="button5" />
    <keyboard-shortcut first-keystroke="alt right" />
  </action>
  <action id="Git.CompareWithBranch">
    <keyboard-shortcut first-keystroke="shift ctrl d" />
  </action>
  <action id="GotoBookmark5" />
  <action id="GotoBookmark7" />
  <action id="GotoBookmark8" />
  <action id="GotoBookmark9" />
  <action id="JupyterNotebookMoveCellDownCommandModeAction">
    <keyboard-shortcut first-keystroke="alt down" />
  </action>
  <action id="NextDiff">
    <keyboard-shortcut first-keystroke="f7" />
    <keyboard-shortcut first-keystroke="ctrl 7" />
  </action>
  <action id="NextEditorTab" />
  <action id="NextTab">
    <keyboard-shortcut first-keystroke="shift alt l" />
  </action>
  <action id="PackageFile" />
  <action id="PreviousDiff">
    <keyboard-shortcut first-keystroke="shift f7" />
    <keyboard-shortcut first-keystroke="shift ctrl 7" />
  </action>
  <action id="PreviousEditorTab" />
  <action id="PreviousTab">
    <keyboard-shortcut first-keystroke="shift alt h" />
  </action>
  <action id="RenameElement">
    <keyboard-shortcut first-keystroke="shift f6" />
    <keyboard-shortcut first-keystroke="alt 6" />
  </action>
  <action id="Replace">
    <keyboard-shortcut first-keystroke="ctrl h" />
  </action>
  <action id="Rerun">
    <keyboard-shortcut first-keystroke="ctrl f5" />
    <keyboard-shortcut first-keystroke="ctrl 5" />
  </action>
  <action id="Resume">
    <keyboard-shortcut first-keystroke="f9" />
    <keyboard-shortcut first-keystroke="9" />
    <keyboard-shortcut first-keystroke="ctrl 9" />
  </action>
  <action id="SelectVirtualTemplateElement" />
  <action id="StepOver">
    <keyboard-shortcut first-keystroke="f8" />
    <keyboard-shortcut first-keystroke="8" />
    <keyboard-shortcut first-keystroke="ctrl 8" />
  </action>
  <action id="ToggleBookmark6" />
  <action id="ToggleBookmark7" />
  <action id="TypeHierarchy" />
  <action id="TypeHierarchyBase.BaseOnThisType" />
  <action id="Uml.ShowDiff" />
  <action id="context.load" />
</keymap>